,A,B,C,D
2015-01-01,-0.417653038187,0.81470613982,2.12458690988,0.222015059653
2015-01-02,-0.69199621262,1.25033263575,2.64447370145,-0.258393521071
2015-01-03,-1.33230649113,3.20412023856,2.88262484608,-0.513655561088
2015-01-04,-2.95697094575,3.221986748,3.14873619074,-1.49912060024
2015-01-05,-2.68015596725,2.76414022571,5.34128947415,-2.17771534694
2015-01-06,-4.71011922707,1.48937560066,6.41914956773,-2.88789754372
2015-01-07,-3.8328525262,0.720417038354,6.40965984302,-2.93051456492
2015-01-08,-4.87221910657,0.641850355951,7.0944178203,-0.478004899588
2015-01-09,-6.06949091644,0.491453123124,8.00282801433,0.317394368212
2015-01-10,-5.14371107397,0.402653731436,8.73758173923,0.38630112517
2015-01-11,-5.53182796893,0.573202319674,9.2638656346,1.37909236156
2015-01-12,-4.51945732674,0.548970611855,8.8883933186,0.139235049233
2015-01-13,-3.69750496332,0.319582283878,8.61296727338,-0.742050149288
2015-01-14,-3.09120550913,-0.51992301188,8.55262832644,-2.37432331788
2015-01-15,-3.67961336542,-1.6871529134,7.62741866019,-2.48764853361
2015-01-16,-2.69310711968,-1.73384978917,9.22156723603,-3.77669785465
2015-01-17,-2.12680755481,-2.97573522198,8.60821238158,-2.69057761409
2015-01-18,-2.15759565717,-2.5043915091,10.230999682,-2.13292743866
2015-01-19,-2.20640477297,-2.94374118328,11.1608025866,-2.5306635219
2015-01-20,-3.61194238981,-2.14389381573,10.6464500261,-0.9732396947
2015-01-21,-2.4647302369,-1.52523415019,11.3866078305,0.701335679402
2015-01-22,-2.34454235811,-0.614826451284,11.0420233583,1.99895905814
2015-01-23,-3.48755125525,-0.525517323387,11.9679080539,0.894352303264
2015-01-24,-4.40725061954,-0.525143859876,11.7242457216,1.2450018887
2015-01-25,-2.38640577865,-1.07368766322,12.5686766552,1.51038363341
2015-01-26,-2.31621594763,-2.64231743199,13.9250749457,2.32623347935
2015-01-27,-1.64038520842,-2.67949708535,13.6764149812,1.81232058217
2015-01-28,-0.842598375942,-2.57632697133,14.3660266909,2.61008081778
2015-01-29,-1.32203693081,-2.72419410205,13.7192529351,2.02531910073
2015-01-30,0.829869753402,-2.68937943818,14.1005048987,2.95329197313
2015-01-31,0.496505521205,-3.88992911015,14.0328347958,3.02761884643
2015-02-01,-1.01837581247,-3.60568614454,14.2719875324,2.73806585033
2015-02-02,-2.43775196963,-3.47816199661,13.2107303714,4.49559684568
2015-02-03,-4.67667074872,-3.05150694848,12.7216391444,5.72265116947
2015-02-04,-3.63760964926,-4.04808090584,13.616951432,4.24639256934
2015-02-05,-4.8193066609,-5.78315995404,12.5300486215,1.85468863624
2015-02-06,-4.89819332701,-5.82012785174,12.2011810383,3.26644014942
2015-02-07,-5.36641631628,-9.14203600132,10.6616927703,5.00022969867
2015-02-08,-4.09842385117,-9.97549721068,10.3308192348,4.07337778687
2015-02-09,-5.19824461058,-7.62581794741,7.94881991067,5.17362987282
2015-02-10,-6.78513683447,-7.7353307371,8.19651377567,5.73348114942
2015-02-11,-5.80631958529,-9.00614182806,9.14780449806,5.04446727886
2015-02-12,-6.19876651073,-9.70896556097,7.06785167994,5.41046146301
2015-02-13,-8.71178274346,-9.37714752655,7.53979037295,7.01282364107
2015-02-14,-9.62481304107,-9.12093393945,6.7037904006,6.0165576232
2015-02-15,-11.3222655545,-10.6548970358,7.81255567129,5.89284881798
2015-02-16,-11.8641100127,-11.8856486057,8.22106055552,8.05340204038
2015-02-17,-11.6273504773,-11.1821900222,7.16156592934,9.26631681719
2015-02-18,-11.9871830048,-12.1718358035,6.83252609791,8.70084161639
2015-02-19,-12.5608919277,-9.49925568804,7.25481097709,10.1048743453
2015-02-20,-10.9751264166,-9.36098675164,8.57675795227,11.4382300754
2015-02-21,-10.4950249905,-9.36129591362,9.55230421442,11.2150899685
2015-02-22,-10.0194530697,-9.3298800408,9.01635865144,10.8296057351
2015-02-23,-7.98361981104,-8.78001346564,10.2713888067,8.78796723833
2015-02-24,-7.7185158061,-7.44890746301,9.04061517455,6.14136577642
2015-02-25,-7.45733801695,-7.3797124925,9.79195466463,6.61689751745
2015-02-26,-7.42297230478,-8.4093607212,10.0032047333,8.23805953893
2015-02-27,-6.60080921238,-7.15006605041,9.82493841995,8.40106618595
2015-02-28,-4.21679778805,-6.00106140531,8.19090809351,8.98764929848
2015-03-01,-4.18316500984,-5.25058748385,7.05369015528,9.0111113658
2015-03-02,-3.62793561427,-6.57425445483,5.41648536478,8.12420894934
2015-03-03,-4.95539514556,-7.66796111973,6.81204439454,9.062589948
2015-03-04,-3.25087628542,-8.76229160896,5.71662340739,7.11032712895
2015-03-05,-2.53168662654,-9.12432538697,6.30775314,8.67909883561
2015-03-06,0.0914832112583,-8.36531044369,5.47339660869,8.14121869732
2015-03-07,1.60646840726,-8.68241121887,5.75060460681,8.88231141159
2015-03-08,0.398272497179,-8.34759802665,5.71187243509,9.96508972779
2015-03-09,2.12886013891,-7.63186844399,5.00213440223,10.074361344
2015-03-10,2.55006947681,-7.08133328375,4.54854426443,9.18836111066
2015-03-11,2.81976571067,-6.5071779005,5.10609771053,8.85796435236
2015-03-12,2.9353735831,-8.40075493873,6.43494934603,9.88269005337
2015-03-13,3.52640543802,-8.26999970619,6.84630845394,8.41479098516
2015-03-14,5.88342466555,-8.75046123149,7.83244221202,8.89468654949
2015-03-15,6.34886906906,-6.89487388289,7.58563072609,8.77482399217
2015-03-16,6.63677149183,-7.27352575659,7.58717907463,7.52787167924
2015-03-17,7.1310498906,-7.54701670826,8.60957972195,9.27159185631
2015-03-18,7.87206208152,-7.62019620423,8.59365695562,7.09647920339
2015-03-19,7.96135463238,-6.92986332138,7.37012232299,8.1493176007
2015-03-20,8.26845611559,-5.82326081836,6.96793171774,8.58667327522
2015-03-21,10.4278594678,-7.16076471732,7.59519821819,7.70675278623
2015-03-22,12.2161082511,-5.98525765233,8.07046253961,7.8650140097
2015-03-23,10.062305771,-6.11059884076,8.77617064887,7.714428984
2015-03-24,10.1556379705,-6.56763039056,9.47138836653,7.80161854261
2015-03-25,10.7161977168,-5.832146497,8.76645037674,8.13745799167
2015-03-26,11.1179403839,-6.10610060213,8.15879707312,8.25112506247
2015-03-27,11.7407243061,-4.81959970853,7.92950847769,10.7166553987
2015-03-28,11.5419359156,-3.55864349579,8.01508608713,9.63566691941
2015-03-29,12.2171903573,-5.34411755504,7.39743053878,9.93562463104
2015-03-30,13.6969366493,-3.85010124759,7.5585248589,10.3448123476
2015-03-31,13.1864487543,-5.20090464208,8.14222024353,9.7180110343
2015-04-01,14.7894635965,-6.83063855204,9.30510405823,9.83124576152
2015-04-02,16.701357657,-8.25105494165,8.47085511421,9.07816829475
2015-04-03,17.1464668354,-9.44062594604,8.53061622556,8.39754686279
2015-04-04,16.7067881534,-8.71840798284,8.13850061957,7.68890086051
2015-04-05,17.1711312909,-10.482742766,8.80193635992,8.1412791865
2015-04-06,18.258975596,-11.2964070889,9.66876288851,9.75770225853
2015-04-07,19.7892202782,-12.243059189,11.4234824657,10.8170145961
2015-04-08,20.9364225542,-11.2033325606,11.3019635637,11.8740052918
2015-04-09,21.6311676178,-12.0072132958,11.5193325761,10.2200282745
2015-04-10,22.5590726306,-11.3949928106,11.2396252993,10.5565091983
2015-04-11,22.1741848772,-11.8098638285,12.7281103649,11.4147062972
2015-04-12,22.9814284495,-11.2964630932,12.8597900464,9.70039871093
2015-04-13,23.9028051214,-10.9285585822,12.0559907534,8.78151635412
2015-04-14,22.5841178184,-10.1723116289,11.4864628615,8.41334857999
2015-04-15,23.7259179838,-10.4425658739,12.5108619238,7.53720924003
2015-04-16,22.1414656911,-9.23850632448,13.5230136915,9.37147805897
2015-04-17,24.2274004596,-8.61419515259,13.4464383196,6.71265281356
2015-04-18,24.7198157227,-8.57311104928,13.2817815378,7.87383952407
2015-04-19,23.8698443864,-7.07860139024,12.3549116868,7.48149370501
2015-04-20,23.0221467458,-8.65427399119,10.2896448008,8.7032039965
2015-04-21,23.0871176206,-9.9698303472,10.4813052407,8.0446208503
2015-04-22,22.6335040221,-10.1224272191,9.94476408955,8.74144491364
2015-04-23,22.1340033578,-8.02816465341,9.71304516076,8.41257459163
2015-04-24,21.8014440092,-9.291051588,10.3590278258,7.83586780262
2015-04-25,21.3978721155,-9.42966333421,9.00882139197,4.98804358782
2015-04-26,20.5318407704,-8.9126772059,7.8508587995,4.79502521396
2015-04-27,19.8528999371,-7.78782021593,8.20255650462,4.17385461905
2015-04-28,19.4972351649,-5.70340410322,7.53567680968,1.87721067518
2015-04-29,19.8555011243,-6.43591736968,7.57204988926,1.36276662485
2015-04-30,20.7363608466,-9.84125001518,6.76937683378,1.83751138631
2015-05-01,21.4040107917,-11.1682493258,5.70674970408,1.27249856984
2015-05-02,19.1601446719,-11.258200571,4.82017406515,1.07636219323
2015-05-03,17.8455163001,-13.6406475607,5.74001733485,0.142742416906
2015-05-04,17.8476574009,-11.1689262158,5.42205033695,-0.629444075968
2015-05-05,17.5378672721,-11.228484614,4.64772002035,0.00544867242515
2015-05-06,17.4248156216,-9.72939280585,4.53769410886,0.332016113535
2015-05-07,17.9867903477,-8.32371459108,4.49314048374,-0.13181348437
2015-05-08,16.718527981,-8.07032985003,4.84911517011,0.544401892566
2015-05-09,16.2348725642,-8.22126762977,4.01032564744,-0.256712297403
2015-05-10,15.5734308066,-6.99924634484,4.44010967209,-0.942575112546
2015-05-11,16.3502976482,-6.67758877673,4.16997809783,-1.82637451972
2015-05-12,19.0771538276,-7.51681287043,3.82711993069,-4.18539227512
2015-05-13,21.0992131235,-7.61970239866,2.95082491958,-5.57066739032
2015-05-14,21.0342699395,-7.73890488027,2.27107067912,-5.9003521989
2015-05-15,20.5796106803,-7.88208881282,2.70787055029,-6.0046045098
2015-05-16,20.6537691198,-7.80251296553,0.311612298313,-5.50814782619
2015-05-17,20.4095423691,-8.13723627825,1.10332140325,-5.78430032371
2015-05-18,20.7833697403,-7.63920676286,0.31249650244,-6.88122004145
2015-05-19,19.0491853013,-8.46270309481,0.239500936438,-5.85118029909
2015-05-20,17.59016429,-9.05849418875,0.219920050896,-6.42364181155
2015-05-21,19.5417101958,-7.56123364575,0.388139534241,-6.00267277098
2015-05-22,18.7282024638,-7.26852147435,0.259797310393,-5.53200965688
2015-05-23,18.6779023129,-8.74008461729,0.0826217910811,-5.78563250531
2015-05-24,18.6328170328,-8.56085626303,-0.108691784263,-5.12580048484
2015-05-25,19.0989017488,-8.26514945947,-2.00325693472,-3.4492335473
2015-05-26,19.7147986096,-8.52441620339,-0.86093486697,-2.63838038046
2015-05-27,17.8570997107,-9.90185951998,-0.910666550784,-1.75471693223
2015-05-28,19.5313632595,-8.93895649707,-0.528129912434,-2.54019213232
2015-05-29,19.3388325289,-9.16242047407,-1.65321149199,-1.66205819638
2015-05-30,18.7746694173,-10.2731765395,-2.2232607271,-1.36200509285
2015-05-31,17.8056040364,-9.92940092592,-2.62746210551,-0.450340651966
2015-06-01,17.9022057165,-9.47220463956,-1.02116629614,-0.362662406992
2015-06-02,18.6920584212,-11.0193331458,1.25972151173,-0.655540585024
2015-06-03,20.4214330543,-10.6000411933,0.17603655929,0.408934107144
2015-06-04,20.6641282025,-11.4947326201,-0.0653083252631,-1.04718003569
2015-06-05,19.4307891628,-11.3874673825,0.632160360128,-0.357674299665
2015-06-06,19.5001633573,-12.3043328258,-0.517111337728,-0.506026946554
2015-06-07,19.5365709459,-11.5481108588,-1.05894780661,-1.48567162019
2015-06-08,19.6280861807,-10.5298548464,-2.32347919232,-1.73712886745
2015-06-09,18.9529299562,-9.52207621172,-3.06663171903,-2.72748364046
2015-06-10,20.5858418712,-8.96456164588,-2.89052209223,-2.65142086165
2015-06-11,20.5307029603,-9.24483205393,-3.05869991203,-2.12996011609
2015-06-12,19.1821836928,-9.77820947944,-1.6490203252,-2.20347594761
2015-06-13,19.0952118005,-10.422109493,-1.65305511513,-1.08630752201
2015-06-14,20.0764542037,-9.78664560368,0.397272130623,-1.77956100813
2015-06-15,20.5746844158,-9.28891245009,-0.0138708527096,-2.65449494852
2015-06-16,20.8020756639,-9.39112605497,-0.857495148011,-4.63600551674
2015-06-17,19.9873410279,-9.70894466503,-1.88006695335,-4.77812862509
2015-06-18,19.654830711,-11.5483228811,-2.2453948774,-5.23110236568
2015-06-19,19.756433624,-11.2064057001,-1.8983820117,-5.15982205373
2015-06-20,20.2771555786,-12.155465164,-1.51211388519,-5.16060076607
2015-06-21,18.9623829253,-12.4283142909,-1.03521999578,-4.25162416185
2015-06-22,19.7473902651,-13.1471663312,0.480578871901,-4.8699258061
2015-06-23,19.4366776344,-13.6397054101,1.8547213864,-4.39086616985
2015-06-24,18.825937772,-14.0532057667,1.7749802108,-5.36002253813
2015-06-25,19.7608109033,-15.0270043587,1.96888443566,-5.1433358708
2015-06-26,18.9651467524,-14.0803008069,0.279988973703,-4.89663134261
2015-06-27,19.1489506035,-14.3935120985,-0.275263847494,-4.54940835583
2015-06-28,18.3567059454,-14.0315341069,0.268829694,-3.7760915328
2015-06-29,18.4208848296,-14.7919477669,1.7068259604,-4.13463599909
2015-06-30,19.3771972827,-13.7567336662,1.75086711973,-3.71907025894
2015-07-01,19.2229089122,-13.8581710251,0.679311499592,-3.42295100432
2015-07-02,18.9118681335,-14.5192086205,0.48556938923,-4.35074360905
2015-07-03,18.7616205004,-13.5570344528,0.64367150431,-4.93206724123
2015-07-04,19.2082646496,-13.7108700324,0.569596154342,-5.21373257303
2015-07-05,17.7453169309,-14.4133313413,0.423171876626,-5.37134180284
2015-07-06,16.885081347,-14.3927178579,2.56766314719,-4.55024475279
2015-07-07,16.5261760357,-12.8616423969,2.88294981773,-5.01995249691
2015-07-08,16.7197660342,-14.6420282876,2.83074282417,-5.81342246858
2015-07-09,16.7768444396,-13.5944211973,4.80439169239,-6.22924376708
2015-07-10,17.073915214,-11.3876883805,4.07770562623,-6.83554114524
2015-07-11,17.1385708183,-13.0717168622,2.5928236549,-7.29716838039
2015-07-12,17.1998710295,-13.5015064069,2.20317552432,-7.14878665611
2015-07-13,17.2860786229,-13.3455968848,1.68081543624,-4.18100958307
2015-07-14,16.1187172115,-12.3023119891,1.1713560004,-2.46112235423
2015-07-15,14.881123396,-10.7396916908,2.15916696764,-0.410871500824
2015-07-16,15.0594346384,-10.9000659491,2.81902737374,-0.239753760583
2015-07-17,12.515120817,-11.3444212724,3.75551843406,-1.25400233793
2015-07-18,12.4866837167,-10.3980980395,3.4847136678,-1.16930749578
2015-07-19,12.1724439679,-8.92218077869,5.18869865032,-0.860103841947
2015-07-20,12.2341068131,-8.67689598246,4.66544780361,-0.752512231352
2015-07-21,11.1964443854,-9.13485269836,4.16150510118,-1.71779113913
2015-07-22,10.4569391661,-9.03795355563,4.98450310128,-1.44068238595
2015-07-23,10.4293009671,-7.35390583251,6.0891308704,-0.687619854664
2015-07-24,9.29705322794,-7.62806586069,5.94037289662,-0.34500901239
2015-07-25,8.77430128777,-6.91259404795,6.06064257225,1.48137393633
2015-07-26,8.44207245293,-6.45019248905,5.45298570548,3.37493240513
2015-07-27,7.47952084811,-6.6776462517,5.52609333177,3.70448569022
2015-07-28,9.01669659651,-5.54377012587,6.43944926415,3.49423498872
2015-07-29,7.82247942831,-5.81854145546,6.63622867148,4.63831706935
2015-07-30,6.71963293772,-4.95497129077,5.73481362335,5.62386328917
2015-07-31,6.77579951424,-7.14654604342,5.70908662731,6.74027697918
2015-08-01,7.01956009146,-6.86285662614,5.3145390106,6.32808061217
2015-08-02,7.93587345135,-6.51477835375,4.5152290955,7.37057505
2015-08-03,8.72828418613,-7.84375805748,5.75794640264,7.8375913568
2015-08-04,9.81223252757,-7.46855917298,7.09040772717,8.73347007393
2015-08-05,9.64153025707,-9.18805479448,7.20660118365,9.73526995323
2015-08-06,8.79828300204,-7.82111467874,5.78409047473,8.76627791908
2015-08-07,8.29625632898,-8.15681821312,7.07113893489,8.1399172746
2015-08-08,8.48532395784,-8.70158556131,6.99487521609,8.68875409316
2015-08-09,7.97008851493,-9.59594747908,6.66315945316,9.78485423818
2015-08-10,8.8848608268,-9.24298398209,6.53888859201,9.92330371172
2015-08-11,7.99794072945,-8.73545915271,6.37823756532,9.71708084152
2015-08-12,6.77693951473,-7.08780325813,6.49917865302,8.96274657754
2015-08-13,6.64666782149,-5.76791745517,6.37161582179,8.996777988
2015-08-14,6.46070866869,-7.14665341371,6.45528594855,7.83052149058
2015-08-15,9.10081050472,-8.00284388749,5.65929564311,9.60065362691
2015-08-16,7.95689351763,-7.93066235265,6.22421711406,7.82214734868
2015-08-17,7.61641373153,-6.79664426119,5.58168108261,7.7797122613
2015-08-18,6.67662492775,-5.7044099685,6.10986456479,7.39314916459
2015-08-19,6.39244307905,-4.3370852654,6.4315311038,5.51763058817
2015-08-20,6.14397939404,-4.38977642739,5.93040241108,5.09154826759
2015-08-21,6.38341525896,-5.48568224969,5.07523998315,3.5865159286
2015-08-22,6.1341958645,-6.34707607204,2.72839989778,4.70244097254
2015-08-23,4.61162685634,-5.85033685704,2.82505228057,3.69359401266
2015-08-24,4.19216634295,-4.61741292687,1.993183946,4.3257441562
2015-08-25,5.22564108978,-4.04206796801,2.91783977603,3.98309164146
2015-08-26,6.14244952709,-5.25163484238,2.04169606694,3.71250308265
2015-08-27,6.45747901258,-4.31002900717,1.88619854194,3.41271576536
2015-08-28,4.89640838954,-4.02255630273,2.18539086258,3.64102762841
2015-08-29,4.79480179428,-4.78339713747,0.0378586016089,5.52290517433
2015-08-30,5.9234414753,-5.77376498617,0.297744372608,5.52476266887
2015-08-31,6.94115838807,-6.89285521404,0.141749278614,5.47649278871
2015-09-01,7.74084095374,-8.03296059688,0.829074698261,4.00886088611
2015-09-02,9.11105809394,-8.04403381,-0.290619504544,4.5950666631
2015-09-03,9.96636991955,-7.3610044329,-1.03268645761,5.9836485387
2015-09-04,10.7012912995,-7.9732703115,-0.245889670871,5.48217605072
2015-09-05,10.648861891,-8.06670362773,0.505842335656,5.39189441135
2015-09-06,10.589915771,-6.67560107023,-0.279950666411,4.51024926339
2015-09-07,9.53319576085,-6.75607001103,-1.29571674223,3.66342292552
2015-09-08,8.93445002012,-6.22466603052,-1.32429730546,5.43488901653
2015-09-09,9.62181253624,-6.25387271968,0.583762161946,4.95115398448
2015-09-10,9.50753263019,-5.31602612583,0.152383647069,5.30770058434
2015-09-11,8.64415463868,-6.10353614059,0.716661057728,6.83034537683
2015-09-12,8.78914764881,-3.65051889669,-1.06349271832,6.15494412455
2015-09-13,9.45727355705,-5.41258413711,-1.43137961463,7.40145989689
2015-09-14,8.29686080793,-5.9988300692,-0.673368067172,8.19010439591
2015-09-15,7.99911389441,-7.42625471274,-3.12490992338,9.11804055742
2015-09-16,7.3827836173,-7.23848153934,-2.60435408452,10.004584906
2015-09-17,7.71348853721,-7.13735960218,-0.437677141113,11.0702011301
2015-09-18,7.76093564357,-6.7739623914,-1.17959923164,11.5795163875
2015-09-19,7.04807094377,-6.30747384647,-0.673969335501,10.3133797449
2015-09-20,6.36967509304,-6.82191371618,-1.68037365338,12.0090704742
2015-09-21,5.6528958907,-6.4093327465,-2.275704871,11.4186644141
2015-09-22,6.72320642655,-6.62288575322,-2.88840032789,13.2082793887
2015-09-23,7.98986693499,-5.15027638211,-4.3612770131,12.4240130546
2015-09-24,8.75384098502,-5.05724848995,-3.69070231889,11.978170863
2015-09-25,9.88189077482,-4.33755982291,-4.71865660145,12.4222089057
2015-09-26,8.50333905313,-4.80149007925,-4.62660768377,14.2497941317
2015-09-27,9.94832091899,-5.69616114854,-3.71804988254,13.9705669205
2015-09-28,10.4392184971,-6.90422880192,-3.69127269828,13.7411134061
2015-09-29,9.64795878668,-6.1528126216,-2.9583680403,13.399441982
2015-09-30,9.84999791973,-5.59829045229,-2.44162387589,15.1604303025
2015-10-01,11.3897422728,-5.486961163,-1.20689330634,15.4236322241
2015-10-02,10.0275430536,-5.3726080191,-1.93942426968,15.3620420502
2015-10-03,11.676607576,-5.91194830749,-2.05753838906,14.685715459
2015-10-04,11.4510382951,-6.33552353555,-0.179199236908,13.9961248091
2015-10-05,11.4130433177,-6.4730947287,-0.368448744336,14.6201370713
2015-10-06,10.7742111451,-6.44829622125,-3.03292000852,13.5919808062
2015-10-07,10.4899926535,-6.55395316666,-2.84421077022,13.7092475477
2015-10-08,10.6227155153,-7.7068439776,-3.41222636849,12.2085344126
2015-10-09,9.01404540441,-5.7691275377,-3.74718940771,14.659427133
2015-10-10,9.34953466098,-7.41468010104,-3.80865696759,14.9565061459
2015-10-11,8.67901531541,-7.77198252683,-3.24045201288,15.4546841232
2015-10-12,7.96848881747,-7.19208390239,-2.08803378917,15.5022978888
2015-10-13,8.00086914643,-8.38154925189,-2.41159252353,16.2659361741
2015-10-14,7.72539161938,-9.0142526397,-3.04588514462,15.0451706747
2015-10-15,6.99157432897,-9.75155120337,-4.70565972734,14.9420191875
2015-10-16,6.41191084247,-12.0249135744,-3.28129575956,12.7944302017
2015-10-17,7.07994673029,-10.4154210606,-3.67814148537,13.1240448238
2015-10-18,6.81477418219,-10.702010101,-4.29246152985,14.520067994
2015-10-19,7.11854830049,-12.27211865,-3.79357570406,15.8485485986
2015-10-20,6.5025761715,-10.6749005028,-3.49547881914,16.66729153
2015-10-21,7.33082456386,-11.6099601539,-3.90596926074,15.8291169858
2015-10-22,6.27559358278,-11.2287991584,-3.1701686204,14.8608697038
2015-10-23,5.29406810795,-10.5858874215,-2.47180424302,15.4814607625
2015-10-24,3.33533697014,-11.2895654267,-3.5450611391,16.8869980888
2015-10-25,1.4393578843,-12.2895278931,-2.56923002322,17.1786839522
2015-10-26,0.158910828214,-14.4748191799,-1.88536461766,15.2286609208
2015-10-27,-0.323589734516,-14.0468579518,-2.65369795745,15.9091088044
2015-10-28,-1.04550232558,-14.9402105895,-2.69631253704,14.7893317767
2015-10-29,-2.25608409256,-15.5904191805,-2.86106720351,15.2466674355
2015-10-30,-2.12476679048,-15.055533995,-3.13968269286,16.2427277196
2015-10-31,-4.05280259506,-15.488317006,-2.31726063773,15.0855236017
2015-11-01,-5.49299763081,-14.8453925148,-1.7268702752,15.9133268148
2015-11-02,-5.08022838654,-14.5353382799,-2.39170548279,17.2715314259
2015-11-03,-5.05326936177,-14.3749119195,-3.48762154549,15.1121063763
2015-11-04,-4.25340956425,-12.6417752869,-3.44809298356,15.2142675333
2015-11-05,-4.67261495427,-13.3596891266,-1.88192013067,15.8071600159
2015-11-06,-4.22067525332,-13.5972980098,-1.39688073135,16.3504186253
2015-11-07,-4.06462635706,-14.0362360596,-1.43470856991,16.0035866522
2015-11-08,-4.43174513155,-14.9250073423,-3.0950478215,15.8944465936
2015-11-09,-4.31085806148,-15.1328399021,-4.57185609465,16.0995762797
2015-11-10,-3.22905149985,-15.143870256,-3.31729508505,16.6465584504
2015-11-11,-3.3505685883,-14.0992849254,-2.80183525946,16.4436606718
2015-11-12,-1.83555431224,-14.2795203392,-4.80922077572,16.7902631048
2015-11-13,-1.19362221931,-14.3801749398,-6.02813503745,15.2443645559
2015-11-14,-0.536686620008,-14.0224024268,-4.5246904015,14.7185351898
2015-11-15,0.516063367698,-13.2421023282,-5.63601890837,14.055888579
2015-11-16,0.635933351464,-14.0962071007,-5.25059772959,13.3474242175
2015-11-17,0.651746431368,-12.3448636841,-5.80367286005,12.1888190339
2015-11-18,0.563805490945,-13.3213535789,-6.48757760045,12.0494019201
2015-11-19,1.78240267386,-12.998591738,-9.43983575007,11.2293159561
2015-11-20,1.79367207526,-12.7821056999,-9.67136679305,10.8675863848
2015-11-21,2.26166739019,-13.316271553,-9.92771357485,9.98021908873
2015-11-22,2.47882601108,-12.854519116,-9.77956258777,9.29499184244
2015-11-23,1.23840304866,-13.3697622911,-9.28147771517,9.21222049195
2015-11-24,-0.548524669952,-12.3855720344,-8.91148786357,9.73002719332
2015-11-25,1.26900769756,-13.2173351086,-8.3527779091,10.5589407534
2015-11-26,0.918074900344,-13.8290262484,-7.82961900431,9.93097983846
2015-11-27,2.24712566241,-13.3425206398,-9.55803816614,10.5058784745
2015-11-28,0.912330654586,-12.5316150717,-8.55956422653,10.8433534347
2015-11-29,-0.0308157828091,-12.9786391426,-7.60951548027,9.87173908711
2015-11-30,-0.0557920885047,-13.8971107717,-7.07120674356,11.113146811
2015-12-01,-0.106602355322,-15.1788351254,-6.10231608457,12.3436174356
2015-12-02,-0.508649093168,-15.8437157953,-4.89295964673,11.4376174634
2015-12-03,-0.987046021331,-16.9500271634,-6.61284028027,11.7812834573
2015-12-04,-0.874579534099,-16.1194911934,-6.50017925072,13.1274244375
2015-12-05,-0.932861536284,-17.2339199411,-7.91711857352,11.1146855374
2015-12-06,-2.09184395608,-17.6689666915,-7.9123126244,12.630459185
2015-12-07,-0.73774626243,-17.5995521975,-6.74857672595,12.350871917
2015-12-08,-1.71005752941,-17.066967655,-6.86583491948,12.3916336219
2015-12-09,-2.23725355943,-15.7609222124,-7.2874409539,12.4227591757
2015-12-10,-1.83278142292,-15.6834626145,-5.80410259246,12.8860308846
2015-12-11,-1.88230189057,-14.6980861044,-6.50548328426,13.5126845093
2015-12-12,-0.369607465664,-14.2027814608,-6.64069672073,12.8299067918
2015-12-13,-1.73970799595,-13.3216072915,-7.05769334489,12.0075773943
2015-12-14,-2.12831432355,-14.2386568341,-6.02913110662,10.4270982583
2015-12-15,-2.19698038325,-13.4594539368,-6.34655328232,11.3375704625
2015-12-16,-1.75531057156,-14.5256772868,-7.68219327187,11.8844775415
2015-12-17,-3.19510753671,-14.5387120453,-9.48445209888,12.1357630514
2015-12-18,-5.02600669301,-12.965750044,-8.0462217412,12.0563307231
2015-12-19,-5.50852992548,-13.9885788045,-10.0129121223,12.2101867249
2015-12-20,-5.78703020689,-12.146233175,-9.06775265337,11.1631768091
2015-12-21,-7.74964374788,-11.4671834991,-10.0456383837,13.1981401557
2015-12-22,-8.30410350659,-10.9859053414,-8.3436153236,12.559700842
2015-12-23,-8.16264940588,-10.9415907131,-8.62950760487,14.2948237561
2015-12-24,-7.60989797058,-10.1512814269,-8.53084428186,14.1111795378
2015-12-25,-8.60630717107,-9.44100546201,-9.12245077153,13.2632631456
2015-12-26,-7.70100144137,-9.45639232046,-9.59291962531,13.3342956047
2015-12-27,-5.74805725435,-7.92488290019,-10.261854648,11.724679256
2015-12-28,-7.62665040984,-9.5661901839,-9.82792195747,10.3933511856
2015-12-29,-6.9907134183,-8.56247506541,-10.7519281319,10.7777530558
2015-12-30,-7.18956906166,-9.86904376185,-10.3662335135,11.4552787312
2015-12-31,-6.49558804803,-11.8286274273,-10.3249115963,12.8421815364
2016-01-01,-6.85767806965,-11.8504109217,-9.30403598548,12.6619777033
2016-01-02,-5.2405592838,-11.3285421704,-8.45115128095,12.073884761
2016-01-03,-5.06307512517,-12.3296517967,-9.13237532994,11.0908463935
2016-01-04,-4.5812841563,-12.4210273835,-10.3460441165,8.5696055718
2016-01-05,-6.15402941528,-12.2363288786,-11.9750260302,9.67291855258
2016-01-06,-4.92733789879,-11.9338261262,-10.6653483964,9.77861480586
2016-01-07,-6.33752399382,-9.10283614864,-10.8145194011,11.1000676835
2016-01-08,-6.43551891142,-9.2131830865,-12.2854866458,10.0699285613
2016-01-09,-7.30615197501,-8.72890639187,-10.8403403534,9.274475003
2016-01-10,-7.62723416828,-7.76017872359,-11.6958941979,6.67294536402
2016-01-11,-6.79378484935,-8.38914383074,-10.1654199162,6.78997182558
2016-01-12,-8.66713729715,-7.33288569882,-7.9216198433,6.39963216463
2016-01-13,-8.84606239025,-7.679271977,-9.68792761888,7.08044400614
2016-01-14,-8.99945196365,-8.13350740447,-9.63510681246,7.410658635
2016-01-15,-9.3949448633,-9.16701527694,-9.66036756795,7.6657604771
2016-01-16,-9.49193625572,-7.63370855205,-10.4960147624,9.46011758652
2016-01-17,-10.3117691752,-7.95273885653,-10.4726433915,8.1822257069
2016-01-18,-11.0428260728,-7.54429179382,-10.6367113814,6.89758033516
2016-01-19,-12.1905588423,-9.5568961804,-10.6276547837,6.97591105948
2016-01-20,-11.463832162,-10.2371908603,-9.54333376397,7.19907549646
2016-01-21,-11.2989483051,-11.0435761939,-8.58962363833,8.15240911275
2016-01-22,-10.8562146082,-11.5042245554,-8.2870526497,7.79868858547
2016-01-23,-11.5644673954,-10.814333729,-9.01032066286,9.49643981438
2016-01-24,-10.9237567321,-10.930868649,-11.1511067407,9.09102444872
2016-01-25,-10.9014802621,-13.4030677307,-10.8414117241,8.27725622092
2016-01-26,-10.7436417978,-13.3285006359,-11.8174690488,7.43695790494
2016-01-27,-11.7542372516,-12.99796124,-10.7736828715,6.01341129213
2016-01-28,-9.73154908703,-12.8700451781,-10.3177845048,5.07393896886
2016-01-29,-9.49685380864,-11.7976309668,-11.7356242007,5.06944984391
2016-01-30,-10.2813314036,-10.2267225941,-11.7497195284,5.66393114805
2016-01-31,-11.6129405223,-11.0046799684,-12.0508802447,5.98610007126
2016-02-01,-12.5593982704,-10.6521575739,-13.4350178025,6.7350889154
2016-02-02,-11.1418748868,-10.9207469324,-12.5873469064,7.70306176267
2016-02-03,-8.51006873134,-9.00278908118,-13.1603387942,7.04365456422
2016-02-04,-9.60307819871,-8.30213924771,-13.3614652662,6.74021608079
2016-02-05,-10.1140529281,-8.69972022593,-12.4840157147,5.85052392614
2016-02-06,-10.9075049355,-7.36631004432,-13.7875576616,4.29494484814
2016-02-07,-10.6247994612,-8.11797088763,-14.4414423055,4.16195647166
2016-02-08,-11.1523658907,-7.1387161579,-14.5979214028,3.81524480672
2016-02-09,-12.310993792,-6.60522656192,-13.8080582951,2.84656860941
2016-02-10,-11.581994676,-7.28095262428,-14.3151445185,1.36513896
2016-02-11,-11.8548771115,-5.77219924164,-14.8925861454,0.851830490639
2016-02-12,-11.7607059998,-4.66106539972,-15.4457833424,-0.00215331981729
2016-02-13,-12.5389861258,-5.34372575498,-14.2897065559,-1.17265768606
2016-02-14,-12.3351369773,-3.5922028915,-13.3288590135,-1.22524804104
2016-02-15,-12.3571302052,-3.03546379548,-14.4888537097,-1.03945862604
2016-02-16,-12.9620951648,-3.37521562114,-13.896965575,-1.55591662492
2016-02-17,-12.1739613654,-2.84876030236,-11.5377932492,-2.29478143919
2016-02-18,-14.0949756476,-3.9140118547,-12.4619154099,-3.07122236432
2016-02-19,-15.0209273075,-4.0013416501,-12.3199476728,-3.2355769734
2016-02-20,-14.9463941215,-5.99917426611,-12.9413493355,-2.32563961129
2016-02-21,-13.0899490137,-5.30419000703,-11.8126411301,-1.65810512674
2016-02-22,-14.1084835572,-6.19019820064,-12.011104754,-1.28142753199
2016-02-23,-14.0764147655,-5.82708842751,-9.86519858873,-2.50309945238
2016-02-24,-11.7112875194,-8.70292804111,-8.70041706005,-0.613581637754
2016-02-25,-11.460039246,-8.15087968354,-8.07478513008,-1.0818869353
2016-02-26,-10.754075154,-9.07113425056,-8.1939895028,-1.41728911539
2016-02-27,-9.68213041862,-10.1844207376,-6.93346507835,-2.81862266953
2016-02-28,-8.65581010506,-11.2133737689,-6.99303530742,-2.40068041325
2016-02-29,-7.58336396187,-12.3506460693,-8.77862988705,-2.89447491236
2016-03-01,-7.94740229292,-12.9363119796,-9.7590583109,-1.79443574764
2016-03-02,-8.26280911725,-12.3121592833,-10.3341704965,-1.12732870393
2016-03-03,-7.26062896855,-11.1365619456,-9.8737289651,-1.89665863927
2016-03-04,-6.07294097622,-11.0811214117,-9.58657089535,-0.600266309272
2016-03-05,-5.21695160211,-11.3136735835,-9.44073897727,-0.857421508247
2016-03-06,-6.39683964217,-11.7498865436,-9.87297656772,-2.29971576245
2016-03-07,-5.62707868761,-9.61053954952,-10.5186126934,-1.33864974865
2016-03-08,-7.24214374454,-9.13863570137,-9.92446455229,-1.93055610058
2016-03-09,-5.75549216019,-10.5303516967,-11.8367961214,-3.45365945771
2016-03-10,-5.60682832671,-10.8428685828,-12.5929271701,-3.34475620459
2016-03-11,-6.41978817018,-10.0767395444,-11.3040843845,-4.49661055262
2016-03-12,-4.78610774026,-9.21237308869,-12.4736980444,-4.88120873208
2016-03-13,-5.14091185604,-7.98328788305,-11.8605732283,-3.93359314362
2016-03-14,-5.85244152135,-8.59603822545,-10.5619511733,-3.80644444549
2016-03-15,-6.41728246352,-9.6238311366,-11.6972225609,-2.83022812421
2016-03-16,-5.16541445197,-10.624360897,-12.8616138326,-2.27409768359
2016-03-17,-6.57530285828,-10.0092941719,-13.2680081878,-1.51089548663
2016-03-18,-5.57279829597,-9.45052895588,-12.8491516248,-1.78415118651
2016-03-19,-6.32632862144,-10.8327056782,-12.5900312726,-2.56718856776
2016-03-20,-6.35115926421,-9.83991140266,-13.1469398377,-2.92295160417
2016-03-21,-5.98859329493,-10.4823803736,-13.4161742086,-3.38048420792
2016-03-22,-5.9975743476,-11.2746910709,-12.8870058327,-4.47374279645
2016-03-23,-5.36115694294,-11.6881370898,-14.2175262262,-2.85058394579
2016-03-24,-4.63343506387,-12.6285361495,-14.6462602522,-3.89698415093
2016-03-25,-5.21419237152,-12.281401223,-14.3917817867,-3.60401873917
2016-03-26,-4.12173037065,-13.6501072428,-15.7013873735,-5.299825721
2016-03-27,-3.64078666956,-14.423704905,-15.1415529698,-5.95538070167
2016-03-28,-3.92453983191,-13.2802293059,-12.7830004023,-7.15854937881
2016-03-29,-4.8178664391,-12.0052817386,-12.9455595681,-7.63621531836
2016-03-30,-5.64847588705,-10.9892584966,-14.4205254752,-8.89614163114
2016-03-31,-5.66010458283,-8.56166337966,-14.7361689943,-8.18002490548
2016-04-01,-5.62294639782,-8.89347723311,-15.4978920839,-8.14961307379
2016-04-02,-4.54426414192,-9.66498149593,-17.0792194736,-8.57930724596
2016-04-03,-5.48213131635,-9.08654268253,-17.4603978766,-7.29363243618
2016-04-04,-5.5288927188,-8.23909174054,-18.0506648506,-7.64197059797
2016-04-05,-5.00762272629,-6.69499212467,-17.6753702411,-6.93999434417
2016-04-06,-5.27085863523,-8.10730515321,-17.835999352,-7.21665315137
2016-04-07,-5.39222220192,-7.80361087884,-18.4755933905,-7.61122424477
2016-04-08,-7.11353198498,-7.16181832861,-17.6265299782,-8.72258026265
2016-04-09,-7.26709508099,-6.69199999205,-16.7054163041,-10.1091767922
2016-04-10,-6.26281460024,-7.38342443286,-16.5370359814,-10.1201102046
2016-04-11,-5.5254239958,-8.00520317198,-17.8162541883,-10.8807042499
2016-04-12,-6.06167423288,-8.35879458422,-17.4499958955,-10.0461371494
2016-04-13,-6.92128442452,-10.0357941098,-17.3798900984,-12.2772030968
2016-04-14,-7.21635990247,-9.73384034242,-19.3738788182,-11.5826068246
2016-04-15,-8.58832238744,-9.14694454346,-21.3513508248,-11.4241632743
2016-04-16,-8.8499639559,-9.3806527667,-22.1725688049,-9.76559677231
2016-04-17,-6.5827402077,-8.40986100534,-21.3382078571,-10.669847849
2016-04-18,-6.58799650497,-10.4653777424,-22.2971679075,-9.93870583965
2016-04-19,-7.65350640064,-11.1120100757,-23.694471046,-10.3064567642
2016-04-20,-7.65758550602,-13.3814700885,-22.5861251848,-10.1760463037
2016-04-21,-7.34828665309,-11.7879007275,-24.456029734,-10.8809688416
2016-04-22,-7.67593694123,-12.4915416812,-24.6436283209,-11.4099470091
2016-04-23,-6.40450196047,-13.2718883692,-25.3599422161,-12.3054388908
2016-04-24,-4.79875880966,-13.6380924047,-24.445303233,-12.5937607358
2016-04-25,-4.36949663183,-15.594059987,-25.3319851823,-13.0161981273
2016-04-26,-5.07610430307,-16.1367808587,-25.7321546771,-11.5828353589
2016-04-27,-5.18121682353,-17.9564103486,-24.5627067358,-10.7253737484
2016-04-28,-1.97732566123,-18.0410365724,-22.8025045079,-11.7655754373
2016-04-29,-1.27461871631,-16.0901391778,-22.6881986254,-11.5287576775
2016-04-30,-1.386218413,-15.1980012347,-22.182258592,-10.2664747235
2016-05-01,-0.83514139174,-14.3767802182,-23.0344949088,-10.9841832526
2016-05-02,-1.96269678108,-14.3413788762,-21.6065165126,-10.7910791081
2016-05-03,-1.32388152896,-14.3200011116,-21.0383919155,-11.9745415643
2016-05-04,-2.0293159792,-14.2701514624,-19.8025533511,-10.7602932575
2016-05-05,-1.56000344707,-14.6103963803,-19.605944728,-10.124253436
2016-05-06,-2.58605239776,-15.2530061882,-19.7808281368,-9.14844821844
2016-05-07,-2.89119880236,-13.4440450857,-18.2259377787,-8.58239646014
2016-05-08,-3.69129647832,-15.3503347678,-18.0166631504,-8.70112842028
2016-05-09,-3.69559775195,-16.2343221648,-18.7288896405,-7.61505624336
2016-05-10,-4.14446224849,-17.1723692657,-19.2668792765,-7.21696324072
2016-05-11,-3.64019126278,-17.2983187222,-20.4206807193,-5.67706816437
2016-05-12,-2.97192924565,-16.8241901085,-21.1864104171,-5.74706779247
2016-05-13,-3.69041250443,-16.0447280377,-20.3132170463,-4.97193204784
2016-05-14,-3.46566872813,-15.7786660882,-20.8653340203,-3.69999581431
2016-05-15,-3.4820893731,-15.7824590886,-20.6649955518,-2.70446547529
2016-05-16,-3.97825993127,-14.6009964578,-22.5698865456,-3.54015339787
2016-05-17,-5.78702130377,-14.5145607619,-21.9765194031,-2.90428234764
2016-05-18,-6.27854401659,-13.1134556333,-23.5881759571,-5.83102121937
2016-05-19,-6.03719828317,-13.4623673014,-22.951513558,-4.68096449405
2016-05-20,-5.23169622975,-13.3377382824,-22.6512230395,-5.39127052908
2016-05-21,-5.80376288787,-13.3652219933,-22.377467397,-4.90205217063
2016-05-22,-6.38115347136,-12.7197696737,-24.3234523839,-3.72229667052
2016-05-23,-7.00459625666,-13.543255509,-25.9814411508,-4.04887747425
2016-05-24,-5.91133993604,-13.1457858514,-27.5646811732,-5.75959802908
2016-05-25,-7.60112566981,-13.866603395,-26.912549869,-6.42367024622
2016-05-26,-8.79111603339,-15.9682246149,-28.0480599283,-6.86893511537
2016-05-27,-8.58870064981,-16.5810656198,-28.0370366128,-6.89156860029
2016-05-28,-8.75007003709,-17.3329768272,-27.16702884,-5.59048768918
2016-05-29,-7.2340946269,-17.1143461511,-29.5417252998,-5.04623626468
2016-05-30,-7.37614297893,-16.4818498597,-29.9179856472,-3.91389320039
2016-05-31,-8.27617292656,-14.1583678897,-30.7010345511,-4.29366309925
2016-06-01,-6.60457864485,-13.2149841888,-30.9021501575,-5.61501184824
2016-06-02,-5.14768917122,-12.5518806723,-31.8751455908,-5.94622892933
2016-06-03,-5.65087071996,-12.1428166259,-33.3071096446,-4.73850921385
2016-06-04,-5.8420033522,-12.2979599393,-32.5249994566,-5.15534853862
2016-06-05,-4.62518089393,-10.4092937824,-33.1503165376,-6.23055018134
2016-06-06,-5.61017156051,-10.021149431,-33.6743183481,-7.95011844055
2016-06-07,-4.9356338897,-10.5782618902,-34.8915047527,-8.32351941922
2016-06-08,-6.95993165456,-10.1375663493,-35.764040851,-8.80911965164
2016-06-09,-6.34772796299,-10.6786000285,-35.9212403588,-7.64771402157
2016-06-10,-5.98534721252,-11.041545916,-34.9052990811,-7.26840188251
2016-06-11,-5.9368599657,-10.0374304367,-36.1133500113,-7.23171210506
2016-06-12,-6.98143480147,-10.4210012574,-35.2452468572,-8.5397393012
2016-06-13,-7.51823753505,-11.4770196982,-36.421404841,-10.3009636561
2016-06-14,-7.67113133336,-12.9905748459,-35.459793441,-12.4983790755
2016-06-15,-8.72341945994,-13.4994419487,-34.6173207911,-12.3264110888
2016-06-16,-8.24148496867,-15.641107033,-34.0263574744,-12.4799608644
2016-06-17,-6.67937403823,-16.5909234262,-34.3213932856,-13.1265161361
2016-06-18,-7.34163780109,-17.9769879002,-34.5776704641,-13.1544857874
2016-06-19,-7.45701125273,-16.7057700135,-33.9871071775,-12.0385017444
2016-06-20,-6.91132546211,-18.1609484249,-33.0288465599,-12.3198895471
2016-06-21,-6.60084017282,-18.8097015413,-33.2806059699,-13.4884624571
2016-06-22,-5.07140412302,-18.7864802806,-34.9348597268,-13.1038899858
2016-06-23,-5.32568778441,-18.7744297838,-34.4940377957,-12.4953437866
2016-06-24,-6.967987178,-21.1448750773,-33.9166806674,-13.8711249511
2016-06-25,-8.44922893254,-22.8572216214,-33.5192897266,-15.4874021808
2016-06-26,-7.35446479445,-21.5134427275,-32.9293741704,-15.4925601892
2016-06-27,-6.55120810073,-22.2741225257,-34.277307113,-16.4361596906
2016-06-28,-5.82455509829,-22.6228752204,-33.5336026622,-17.8549414561
2016-06-29,-4.94614253969,-23.6845657762,-33.3824555835,-16.7748313182
2016-06-30,-6.33367757823,-22.6487136509,-33.5314692428,-15.8130499744
2016-07-01,-7.68028284208,-21.96098948,-32.3673978792,-14.3278329865
2016-07-02,-7.86767256882,-21.4353679407,-31.843769179,-15.5166959511
2016-07-03,-9.46868283718,-22.7642195956,-31.3483229521,-15.628875942
2016-07-04,-10.7204599118,-22.3140472839,-31.8648914421,-16.4829193517
2016-07-05,-13.1179725097,-21.7229749321,-33.9518704668,-17.0080912037
2016-07-06,-11.5855331066,-22.1664072903,-34.1880555163,-15.7944405574
2016-07-07,-10.5859146614,-21.4931848789,-34.7305141618,-15.2737165398
2016-07-08,-11.5482148894,-22.4369564865,-36.1623134435,-16.3623439474
2016-07-09,-11.3772903352,-21.2461190037,-36.5692480063,-16.2684779003
2016-07-10,-11.2568557904,-23.0474172977,-35.3824805476,-15.1240852397
2016-07-11,-9.61167761862,-22.9217118068,-34.3787231504,-15.0467614108
2016-07-12,-8.93227408108,-21.5248583961,-33.6075544499,-14.7601359213
2016-07-13,-9.70044573411,-21.7279698444,-33.2138529183,-13.5112832032
2016-07-14,-7.5333835097,-22.503115598,-33.9860490082,-12.2306604977
2016-07-15,-7.67939198486,-23.2496960644,-34.6945705567,-13.1819397863
2016-07-16,-8.26902944826,-23.6577970708,-34.5412661861,-15.0116886361
2016-07-17,-6.62122677955,-22.6575693194,-35.0746285807,-15.8745067728
2016-07-18,-6.22708199049,-21.5758646162,-37.4316922754,-15.8601579747
2016-07-19,-6.7152680021,-20.7836922823,-36.1083899419,-15.1511403176
2016-07-20,-6.89604841868,-20.210401558,-36.9731222775,-15.9976575634
2016-07-21,-7.16008609862,-21.6349228375,-36.0622735479,-15.381031102
2016-07-22,-6.92877274883,-22.7632291944,-36.142773699,-15.1827263001
2016-07-23,-7.65581900979,-23.0891209115,-36.1489408662,-16.5809082528
2016-07-24,-7.45471871269,-24.5583624189,-36.9644286702,-16.8000093296
2016-07-25,-8.26591501328,-24.4553231668,-36.9541579092,-14.7168188905
2016-07-26,-8.19547835504,-24.1471253663,-38.5824293855,-13.9990916323
2016-07-27,-9.5728003134,-25.012541025,-40.4474302138,-13.1796767688
2016-07-28,-10.9970248738,-23.5280252305,-41.6627481437,-13.5282274424
2016-07-29,-8.78336371117,-24.6137216124,-41.2136386744,-12.150199119
2016-07-30,-10.0265571088,-23.9150564307,-42.7342760049,-11.8544163923
2016-07-31,-10.9907016513,-24.7491162249,-43.1739412659,-13.1490190167
2016-08-01,-11.129899132,-24.6488536206,-44.2546444512,-13.7310247337
2016-08-02,-10.8584954116,-26.332049268,-47.078436112,-13.0626998088
2016-08-03,-11.1701576677,-25.3743905562,-47.0675048418,-14.3141938196
2016-08-04,-10.306600755,-24.5661258575,-47.7460041086,-14.6528062568
2016-08-05,-10.9754931031,-23.339218628,-47.6248772558,-12.8533454993
2016-08-06,-10.6775541285,-22.5369612821,-48.6905209854,-13.8529511549
2016-08-07,-10.8633526016,-22.3898119462,-48.9417098033,-14.593110692
2016-08-08,-11.9012380159,-22.2448594092,-49.0334643935,-14.4149309289
2016-08-09,-13.0213519406,-22.7641091486,-48.8724361787,-14.5341939649
2016-08-10,-13.6593950493,-23.0951853534,-49.204474085,-12.9335944128
2016-08-11,-12.8766936276,-22.4085951885,-49.3549037155,-12.372370824
2016-08-12,-13.5594342063,-20.0184941701,-50.273397796,-10.5224012088
2016-08-13,-14.6679874237,-20.4743817834,-50.6039530543,-8.20822705499
2016-08-14,-14.6699334823,-22.0703787172,-52.2247190446,-7.8464929523
2016-08-15,-15.9562842501,-22.9283021023,-53.4373418041,-7.47493049786
2016-08-16,-17.2671314832,-23.2874913044,-52.9496766282,-6.83399801544
2016-08-17,-17.7037458011,-23.2750657628,-52.6950663618,-7.67434341109
2016-08-18,-17.0700951928,-21.7655632032,-53.4388916132,-8.80645676583
2016-08-19,-16.4059600151,-21.7312410057,-53.199357299,-9.54128759233
2016-08-20,-17.4419506366,-20.6594838613,-54.3619021962,-9.18772952277
2016-08-21,-17.6207730956,-20.8971405102,-56.055996068,-8.16286665108
2016-08-22,-17.3478334259,-21.0999059546,-55.942358948,-9.50875224317
2016-08-23,-17.4420770489,-22.1871006411,-56.7602792215,-10.047151408
2016-08-24,-16.3547281764,-23.7275659853,-58.4029072977,-10.2670209616
2016-08-25,-14.9961769706,-21.691043758,-59.1855288089,-10.4907643515
2016-08-26,-14.9686145669,-20.634239414,-57.9738097117,-11.6399091387
2016-08-27,-15.7133774089,-20.4180907538,-57.5858265737,-10.7037115407
2016-08-28,-17.0228023514,-21.2417329902,-56.1462022048,-11.2763943507
2016-08-29,-16.2951560059,-21.1992850853,-55.6955020638,-12.0439807892
2016-08-30,-15.244506865,-20.5113113989,-55.4783176477,-12.4319204111
2016-08-31,-16.4301787652,-20.452452033,-56.1992868982,-12.8241530338
2016-09-01,-18.9665596316,-21.5350662175,-56.1640811314,-12.9437302459
2016-09-02,-17.4187120122,-22.0250673209,-55.4687512477,-13.7869111247
2016-09-03,-17.9617473191,-23.6141026046,-56.0707388402,-12.8585773844
2016-09-04,-17.2311527093,-22.789876142,-56.6394304438,-13.3022667011
2016-09-05,-16.5161908935,-24.742703942,-56.6879007532,-13.4492834012
2016-09-06,-16.0002227524,-22.9650167814,-58.2608711389,-12.8616475128
2016-09-07,-15.3312972347,-22.693414758,-59.2198587783,-11.9258648944
2016-09-08,-16.0959758691,-23.751002155,-58.0391543949,-11.6457028201
2016-09-09,-18.7514064072,-24.1786458048,-58.8915615148,-12.0806886314
2016-09-10,-18.7052801807,-25.3498101436,-59.2335500962,-10.3140968147
2016-09-11,-18.6617538649,-24.2724174306,-59.9020009557,-11.4475314749
2016-09-12,-20.4488770354,-24.7661474409,-59.5846544536,-10.6616391318
2016-09-13,-20.7665003431,-25.1278571962,-58.015550809,-8.97372865746
2016-09-14,-20.786835271,-25.7307618842,-59.2330482544,-10.0083285062
2016-09-15,-20.0510539882,-26.7447010075,-59.228388776,-11.5245871763
2016-09-16,-21.2904789126,-27.3151372998,-58.713772716,-11.6376718074
2016-09-17,-19.8967886302,-28.0975535901,-55.9623356978,-12.0857951004
2016-09-18,-20.2025164923,-27.3702306712,-56.0518602255,-12.4997247175
2016-09-19,-18.3786038763,-28.2971781341,-55.7517782497,-13.1720907634
2016-09-20,-18.7129424671,-28.9889794712,-56.1895808528,-13.7008119825
2016-09-21,-18.1576729669,-26.7081662633,-56.8435424398,-13.4953169476
2016-09-22,-18.4994337486,-26.9833206509,-55.8853973374,-13.1776224377
2016-09-23,-19.6666820519,-25.9661801664,-57.3019010097,-14.1981052657
2016-09-24,-20.8547776829,-25.6307967801,-57.6208275602,-14.572203532
2016-09-25,-20.0494698297,-25.550315733,-57.1707671819,-13.8065533583
2016-09-26,-18.5398286013,-26.0866627497,-57.340685449,-13.3777061486
2016-09-27,-18.2149742182,-27.0611908327,-58.4039534291,-14.1033711927
2016-09-28,-18.2320367006,-26.5050836441,-59.6446514531,-12.5525390874
2016-09-29,-17.2808201601,-25.7862025087,-59.9278624951,-13.2316586335
2016-09-30,-16.7516170895,-26.1525997379,-59.7392930547,-13.3454483115
2016-10-01,-18.4866534098,-26.019285288,-59.4550749035,-13.2990056692
2016-10-02,-19.0287454023,-25.6770487562,-60.8982920343,-14.2094034148
2016-10-03,-19.9826025902,-25.8950740582,-59.4826134092,-13.9877719819
2016-10-04,-21.0047869457,-26.3258066162,-59.6394629896,-14.2366877959
2016-10-05,-20.8623553403,-27.1153680694,-58.9728815397,-13.4670423139
2016-10-06,-22.291645821,-27.2809632603,-57.9278790683,-13.7415905567
2016-10-07,-22.2073023924,-26.2521590819,-60.1529907796,-14.7268375277
2016-10-08,-24.8415697464,-27.9971175646,-58.6713675435,-13.2177590702
2016-10-09,-25.2954027246,-26.6934944251,-57.8796806813,-14.1397026678
2016-10-10,-25.7341755329,-27.5387167768,-58.2709559062,-14.3589970716
2016-10-11,-27.0512081267,-27.3776900245,-59.0816912805,-15.3778964762
2016-10-12,-25.5460071851,-27.5438580526,-60.389763501,-14.4908589736
2016-10-13,-25.0279624784,-27.4190459763,-59.2654588495,-16.2659430167
2016-10-14,-24.1092292583,-29.2472872572,-58.5884786052,-17.6907100942
2016-10-15,-23.0617396963,-29.1465185729,-58.7660477593,-17.9760316353
2016-10-16,-21.4262647599,-29.1511309551,-59.0264216805,-18.6913361539
2016-10-17,-21.3371498921,-28.993762781,-60.5983841909,-18.4175433396
2016-10-18,-21.7707089702,-30.1103834654,-59.020988188,-18.0097628816
2016-10-19,-21.5455935545,-30.4877945863,-59.0009458565,-18.8404019427
2016-10-20,-22.5726456881,-29.9778357697,-58.9834361921,-17.5795742769
2016-10-21,-22.4391815334,-29.9012848444,-59.0677619673,-15.8709647287
2016-10-22,-21.300073294,-30.4836946675,-59.0063199724,-13.2998689793
2016-10-23,-23.3798725199,-32.2128622841,-58.8351783409,-13.4094594121
2016-10-24,-24.4720466039,-31.5560834226,-57.9899188953,-12.0603944633
2016-10-25,-24.4771973488,-30.3964651684,-58.040991263,-14.7654524126
2016-10-26,-23.2738081605,-31.6537330382,-56.2182719084,-16.9201788645
2016-10-27,-21.8584973354,-32.440662896,-56.9698261323,-18.0278837506
2016-10-28,-22.0189376104,-31.6532464508,-57.3723671081,-17.1897947445
2016-10-29,-21.5297655936,-30.0502770144,-58.191988754,-16.6429621038
2016-10-30,-23.3196644717,-29.7481666685,-58.5169341017,-15.5861831344
2016-10-31,-22.1378221558,-28.7548254749,-58.6059951404,-16.2489422946
2016-11-01,-23.3037857059,-29.8389735961,-58.9504414673,-14.1170931383
2016-11-02,-22.5770579555,-30.2141751016,-59.6904259102,-14.9664742243
2016-11-03,-22.9531890025,-30.1442563131,-59.2506298204,-13.6536112153
2016-11-04,-22.2287153417,-30.7804404905,-58.9681048762,-11.2216205361
2016-11-05,-21.9589632823,-31.5580124433,-60.6358933986,-12.0652863867
2016-11-06,-21.9698862821,-32.6955755859,-61.8495752258,-11.4673807685
2016-11-07,-20.1543361752,-33.9633464959,-62.1990749332,-10.708598484
2016-11-08,-22.3293323628,-34.3645602435,-60.6364642157,-10.2433133831
2016-11-09,-22.6732817279,-35.4423462078,-61.3811020756,-10.215656062
2016-11-10,-22.0185614311,-34.7964606116,-60.3057572009,-10.6796848963
2016-11-11,-22.0178654007,-34.5307584613,-60.2586243951,-10.1937414705
2016-11-12,-21.2784055143,-34.341194417,-60.4236932664,-9.19394930357
2016-11-13,-19.1935821888,-35.5065340054,-59.8737006193,-10.4603782945
2016-11-14,-19.8581846109,-36.1425071232,-60.7331846872,-11.4294498788
2016-11-15,-20.2741652697,-36.9729724674,-61.1926287126,-12.0653537285
2016-11-16,-20.688505634,-38.8367629739,-60.7803924907,-13.3755464937
2016-11-17,-20.8130983454,-39.857813676,-61.2804980016,-13.7661239493
2016-11-18,-22.3332404317,-40.8487050344,-61.9258530901,-13.6321934588
2016-11-19,-20.9677574377,-39.3564605528,-62.3895672507,-13.7232392581
2016-11-20,-22.1102594536,-38.8790104197,-61.9849306841,-14.5586506586
2016-11-21,-22.4889357469,-38.207546038,-62.0834990742,-13.4639952726
2016-11-22,-22.7440741376,-36.8725562569,-62.2334094826,-12.3864527521
2016-11-23,-22.1655645805,-36.1398145445,-60.7620633436,-12.9043655501
2016-11-24,-19.7018172259,-34.574875678,-60.7642522718,-12.1501607585
2016-11-25,-20.3141096181,-33.5857976352,-60.4286408145,-10.5156870714
2016-11-26,-21.4541506483,-33.880618669,-58.6818188758,-9.971394109
2016-11-27,-21.3817708831,-33.7440691157,-58.5138144024,-11.2794164477
2016-11-28,-21.7495724454,-34.2969257411,-59.1131784732,-12.293649107
2016-11-29,-21.0736122543,-34.9539819717,-58.918286575,-12.8105033394
2016-11-30,-22.2066800441,-37.3001921174,-59.3787469348,-13.5450712044
2016-12-01,-21.6733146346,-37.1316997693,-59.4997239654,-13.295681174
2016-12-02,-22.0233738714,-37.7888865161,-59.9377967231,-12.9950760179
2016-12-03,-22.6677760886,-36.8036780525,-60.4075488552,-13.4693567243
2016-12-04,-22.5320621352,-35.1710692552,-61.4640532957,-12.7989790261
2016-12-05,-21.8802644208,-33.4837511825,-59.9553756939,-12.7712234169
2016-12-06,-22.1209046798,-32.451302407,-60.158271586,-11.1539074453
2016-12-07,-21.2520853212,-34.0051405259,-61.7361111834,-12.1175723204
2016-12-08,-21.6298343423,-34.3518909191,-61.2219007796,-11.8688122236
2016-12-09,-22.0069493913,-33.6031593647,-61.7582273067,-10.1884628729
2016-12-10,-22.2119687103,-33.27286296,-61.5110605777,-10.4159578561
2016-12-11,-23.1787742556,-34.4306483151,-61.4702730471,-10.4502251146
2016-12-12,-23.1593096944,-33.8130401828,-62.6810780305,-10.4405440289
2016-12-13,-21.4600179948,-32.8392570215,-63.6073116591,-12.7775046674
2016-12-14,-21.3882248465,-31.8420640762,-63.2185571234,-12.6934940803
2016-12-15,-20.236239605,-31.6937309705,-63.221115579,-11.8852392548
2016-12-16,-20.617799396,-30.0260959377,-63.0174827813,-12.4463504175
2016-12-17,-19.4883297643,-30.5851198324,-62.0272580181,-13.67584573
2016-12-18,-19.6683696032,-27.373281642,-60.6779252246,-13.9287596315
2016-12-19,-21.4793818453,-26.5568235984,-62.2362914576,-11.458047027
2016-12-20,-21.6695890305,-27.5822053297,-61.1680174661,-10.6764900987
2016-12-21,-23.642949404,-26.0043670426,-63.2845993424,-11.5037205487
2016-12-22,-25.113585594,-25.4770704594,-64.6043828972,-11.8049040323
2016-12-23,-24.8549933839,-24.7577541771,-67.1687083624,-11.8221184352
2016-12-24,-24.16712205,-23.0667041246,-66.3461308448,-12.9953261995
2016-12-25,-24.5492868378,-25.3547578909,-68.7203012602,-15.5174656956
2016-12-26,-23.6260924946,-25.9669849435,-68.4908191488,-15.4543170034
2016-12-27,-22.0548583653,-26.0674812505,-69.4516126751,-16.1769594003
2016-12-28,-22.8453903555,-27.7877977335,-70.9640507639,-14.9734436807
2016-12-29,-21.9347260509,-28.5300198741,-70.3651861857,-15.6694481426
2016-12-30,-22.1003692353,-29.0110365395,-72.0361834985,-15.0235197368
2016-12-31,-22.6320521799,-28.0357999719,-71.3739142208,-15.0564462423
2017-01-01,-22.155968293,-29.9459084543,-69.8877684292,-15.9665389055
2017-01-02,-22.0084771286,-30.4026561266,-68.4148981594,-15.3208161951
2017-01-03,-21.7875608577,-29.84075112,-67.47710126,-15.645033262
2017-01-04,-20.6905895798,-29.7300670206,-65.3029514796,-14.4394885095
2017-01-05,-21.2270578099,-28.2971690877,-66.4392246092,-14.9995345955
2017-01-06,-21.8050727429,-28.0853879993,-67.0002843829,-14.8469801548
2017-01-07,-21.3070187681,-28.8266516816,-67.4859923213,-16.7071358909
2017-01-08,-19.7448706212,-27.6205426876,-67.1564096714,-17.9740799037
2017-01-09,-19.3853743359,-27.534840885,-67.4076678749,-18.0298718955
2017-01-10,-19.6532217098,-27.0480071464,-68.9328991567,-18.3127254843
2017-01-11,-19.7621303388,-27.1621297628,-70.481819458,-17.3741707349
2017-01-12,-19.1989788492,-27.6008407952,-69.5639588616,-17.5453653002
2017-01-13,-19.7322890473,-28.2629631838,-70.7813357412,-18.4980265769
2017-01-14,-19.9193568965,-27.9625339566,-71.3796180986,-18.6451816848
2017-01-15,-18.7472037256,-27.8778350973,-70.7371039121,-16.5792750582
2017-01-16,-19.4958461918,-28.2266609171,-72.309386968,-17.4508525149
2017-01-17,-19.6621907754,-30.7537473846,-71.0242277144,-17.21019826
2017-01-18,-17.8427691187,-29.9674059086,-72.2253461099,-17.940895508
2017-01-19,-20.6944889639,-30.9640822802,-72.4873092978,-19.1811046171
2017-01-20,-19.7080727629,-30.3256055885,-71.3075645331,-20.7120238986
2017-01-21,-20.6150555093,-31.2584508097,-72.9863221208,-19.7839905709
2017-01-22,-21.934770457,-31.1463615338,-71.9678975224,-20.051113265
2017-01-23,-21.3688536607,-32.006830307,-71.9665810984,-18.6973807395
2017-01-24,-20.6351467191,-31.7576027643,-71.9803211429,-19.7854917815
2017-01-25,-21.4680968288,-31.4258371856,-72.7879802902,-21.377296271
2017-01-26,-23.3322278898,-31.4366253203,-72.5453637879,-21.9350065961
2017-01-27,-21.2906664706,-32.628147379,-72.0914728233,-23.2351882115
2017-01-28,-21.6478486027,-33.7205900786,-73.5093837243,-22.3766005132
2017-01-29,-20.7331446235,-33.5509552988,-71.6667721958,-21.806929634
2017-01-30,-19.307100638,-32.5996303231,-73.3137402559,-21.2510005692
2017-01-31,-18.8958034957,-32.6928827007,-72.9353186194,-20.0264469873
2017-02-01,-17.1970498633,-35.6928037859,-72.6397460258,-20.5374791828
2017-02-02,-15.0806605836,-35.4106994054,-72.872309605,-21.3941482034
2017-02-03,-14.7760803246,-35.0491299419,-74.0410323356,-23.6726392074
2017-02-04,-13.1331221643,-36.8072555765,-72.383847445,-24.1797777726
2017-02-05,-13.3550094803,-36.833378521,-72.6278477005,-23.0877770138
2017-02-06,-12.0972746974,-35.2997151092,-73.0130544515,-23.8871219253
2017-02-07,-12.3756468083,-34.693957933,-71.437583191,-22.8825732814
2017-02-08,-13.2160309741,-33.5991800692,-71.5076293434,-21.9123344376
2017-02-09,-12.3330689116,-34.0402001554,-71.9962587533,-20.8535643638
2017-02-10,-14.0842559985,-35.9144281962,-72.8725401524,-20.517537961
2017-02-11,-15.8303083019,-37.1462907674,-73.1680679276,-21.8567582994
2017-02-12,-17.5519334631,-38.8326599629,-74.3205593044,-20.5515674022
2017-02-13,-17.7244160144,-38.9956162803,-73.0763389347,-20.106064244
2017-02-14,-17.7125404058,-38.4650259296,-72.569670757,-19.2028968871
2017-02-15,-16.685416774,-39.8407102673,-72.814296471,-18.5461514733
2017-02-16,-16.5771777299,-40.9401134428,-72.2950992467,-16.903158274
2017-02-17,-17.5579150985,-39.5399267112,-73.8391708198,-17.2517485463
2017-02-18,-18.4068466869,-37.9182805864,-75.5953891504,-18.051621608
2017-02-19,-18.4864307782,-37.5359584488,-74.3727104603,-18.0063353505
2017-02-20,-19.0809985187,-37.9750633123,-73.399558442,-18.8800094771
2017-02-21,-17.7564556914,-38.5832252092,-72.7364799605,-18.5002391448
2017-02-22,-18.4038716823,-39.0887716265,-73.3012899638,-19.4263995581
2017-02-23,-20.0574524973,-40.1342318658,-73.8744778529,-19.7820377774
2017-02-24,-18.939248437,-40.1786204462,-73.6407069385,-18.4926122078
2017-02-25,-18.2500667617,-40.1057172297,-73.853566706,-18.476173687
2017-02-26,-16.6635622086,-41.1297828206,-72.5826506791,-18.3612102822
2017-02-27,-16.2348582003,-42.2786110904,-73.1058521842,-18.6552994609
2017-02-28,-15.8113920212,-42.1318685401,-73.4007746775,-19.6744638127
2017-03-01,-14.4459988301,-41.6099344115,-73.2530026589,-18.5425190355
2017-03-02,-13.3000330127,-41.2066233884,-74.3418822766,-19.2428445895
2017-03-03,-14.0102925791,-40.352411609,-74.2195011425,-18.8716624659
2017-03-04,-14.1009979822,-40.4793994866,-74.534865802,-17.7382253858
2017-03-05,-13.4156756229,-40.5028199132,-75.5106529606,-16.1148165007
2017-03-06,-14.2971912359,-40.5503991638,-75.5648916116,-14.7989188623
2017-03-07,-14.7162166485,-40.1037803271,-75.881927327,-14.5616585388
2017-03-08,-17.4361914343,-38.7837682524,-75.3291289842,-15.1641270354
2017-03-09,-17.5027508453,-39.3212750144,-73.952708768,-14.6865673839
2017-03-10,-17.675168359,-40.1877880762,-73.5943229684,-14.5389420547
2017-03-11,-19.3961870473,-40.28951417,-73.8598738342,-15.4321677124
2017-03-12,-19.1071282338,-40.6789261809,-74.6889057841,-16.1456032055
2017-03-13,-18.8070796136,-40.9934043387,-75.0415260269,-17.0152026258
2017-03-14,-21.1850605107,-39.6776012309,-74.8156771598,-15.7478833857
2017-03-15,-21.1579854081,-38.2959582861,-73.0482709296,-17.1143385076
2017-03-16,-22.212886206,-38.7079514668,-72.114454279,-18.4120580985
2017-03-17,-22.3552968258,-38.9705768907,-71.7467276093,-19.0938386193
2017-03-18,-20.9746010527,-38.1480299759,-70.6008135707,-17.8818171683
2017-03-19,-23.0571242572,-39.4922695327,-68.0846927619,-19.4306682218
2017-03-20,-23.7339001005,-39.7258232734,-66.8528036216,-18.9395121765
2017-03-21,-24.7471419616,-40.7968013207,-68.9011300466,-18.2641017761
2017-03-22,-23.9366703737,-40.1982359765,-67.7674872149,-17.9192016195
2017-03-23,-23.7065545308,-41.0952593262,-68.1785656044,-19.0739669905
2017-03-24,-23.3077206107,-41.7198522722,-67.4970658195,-20.7878335885
2017-03-25,-22.2648605969,-43.0140885145,-67.7638287203,-20.2487904866
2017-03-26,-22.5941022469,-43.5598062508,-68.5151421142,-21.2407211137
2017-03-27,-24.0559717798,-41.8355600153,-70.1770418351,-22.2637568945
2017-03-28,-24.9034853126,-41.4281972889,-71.8881738164,-23.2527792081
2017-03-29,-24.5573003439,-41.4868343392,-73.3223650111,-23.4018854892
2017-03-30,-24.8477165494,-40.9473734917,-71.7983861006,-22.4215510474
2017-03-31,-24.6817435818,-43.1466286286,-72.734965277,-22.2376145105
2017-04-01,-26.8558897462,-44.5290038758,-72.7892917421,-21.4627454644
2017-04-02,-26.104139816,-44.3131455384,-74.8820674598,-21.0803160319
2017-04-03,-27.4324760965,-42.75614302,-76.0703143175,-21.5085159022
2017-04-04,-27.9946105478,-41.9893793366,-76.1492116788,-20.8376202233
2017-04-05,-24.7674944623,-40.6087705171,-76.698033579,-20.9224767696
2017-04-06,-26.9896543427,-40.5310554275,-77.4430606692,-21.0058946783
2017-04-07,-27.055180456,-40.0518239415,-77.2228997822,-22.5748013451
2017-04-08,-24.4747602624,-38.6303451362,-78.6147226316,-22.7842969675
2017-04-09,-24.5076883396,-38.7013539992,-77.8095665111,-23.1297341529
2017-04-10,-24.7626845846,-37.9458576081,-79.4764663521,-24.5907622543
2017-04-11,-26.2138874399,-37.2190747386,-79.2788626275,-25.1023404669
2017-04-12,-24.563088812,-36.2510298582,-78.3761190371,-23.3947036371
2017-04-13,-25.3658780085,-35.0934509352,-79.9468286205,-23.9385453362
2017-04-14,-25.5245269363,-36.1809602057,-80.1750805403,-22.8668291543
2017-04-15,-24.5351100159,-35.4624501579,-80.4940137948,-23.701337606
2017-04-16,-25.1715102818,-36.1044014288,-80.2783735104,-24.3414908101
2017-04-17,-24.8563812951,-36.6413283869,-80.9994149528,-24.6632675823
2017-04-18,-25.5266025004,-36.4965336199,-81.7947436142,-24.5913119494
2017-04-19,-25.0844190208,-36.7572591464,-81.2782766014,-22.8805596998
2017-04-20,-27.2379981691,-37.6986484898,-79.4868902628,-22.6767234421
2017-04-21,-27.8355187204,-38.6450321124,-79.6293046264,-22.3713486692
2017-04-22,-27.4503953502,-39.5078193148,-80.7968200832,-22.2614586371
2017-04-23,-27.4452612507,-38.8562420577,-81.3582202436,-23.7314957132
2017-04-24,-27.4190558907,-36.9650240051,-81.056693736,-23.2969582529
2017-04-25,-27.7701293529,-35.8297663209,-81.0977394928,-21.9437078266
2017-04-26,-28.5094329925,-37.4712194816,-79.9500857427,-22.7823993421
2017-04-27,-28.3083599791,-35.7733212835,-80.1909329596,-23.7531348532
2017-04-28,-28.4375705803,-34.1952759532,-80.3455905471,-23.8856835064
2017-04-29,-29.6131287938,-32.3746347288,-79.8271390282,-23.3533723308
2017-04-30,-32.8949403716,-31.1433324005,-80.2575091033,-23.8529614164
2017-05-01,-34.1830340714,-32.1457665421,-79.2567037177,-23.898872999
2017-05-02,-33.749544657,-32.7207470755,-78.6762727188,-23.3428974609
2017-05-03,-34.3242110531,-33.7129171756,-79.3488126604,-23.0553935434
2017-05-04,-35.0724649364,-34.6643843676,-79.9179207075,-22.7850481094
2017-05-05,-34.9084812704,-36.7737107483,-80.1581022632,-24.437420045
2017-05-06,-34.8098090664,-37.8563531033,-79.8920398959,-22.6844169569
2017-05-07,-36.3215978525,-38.1408472177,-78.528282886,-23.711525799
2017-05-08,-35.8457717726,-38.4732723022,-77.880254801,-24.0264714792
2017-05-09,-36.5914692568,-38.9910191597,-78.2275510425,-24.0696283041
2017-05-10,-35.6921912276,-39.8299256004,-78.0840805907,-23.6912222562
2017-05-11,-33.8124832396,-40.1279328983,-79.1989446605,-24.1016804921
2017-05-12,-34.9073872961,-42.4522656469,-77.7875509906,-25.1886551853
2017-05-13,-36.1262222532,-42.7479482332,-77.542982258,-25.1901046922
2017-05-14,-36.7177779126,-43.9072336438,-78.1933942311,-24.0042699867
2017-05-15,-37.6001527538,-44.5882549306,-77.3182072438,-24.1472823493
2017-05-16,-36.9638639458,-43.7126910673,-77.4590462571,-23.5768079317
2017-05-17,-35.1578758691,-43.156016256,-77.5358271169,-23.9362136408
2017-05-18,-35.0988474156,-42.8407416483,-75.8900944534,-22.13582494
2017-05-19,-33.1135406214,-41.4036989629,-76.830117717,-22.4240332329
2017-05-20,-34.4763856841,-40.5249033315,-77.0925679928,-21.8741674299
2017-05-21,-35.7291850128,-42.1412555942,-78.9034453579,-23.0035045461
2017-05-22,-37.2425213649,-41.4437989156,-78.294391434,-22.3068506595
2017-05-23,-39.5400811713,-39.7577850934,-79.8881272019,-21.5593408955
2017-05-24,-40.6812425892,-40.7432781697,-78.9877170247,-21.0237805861
2017-05-25,-41.9490690956,-40.6135771749,-79.3000037636,-19.7983153564
2017-05-26,-41.8751151926,-41.0419316741,-77.9659042429,-20.4205816769
2017-05-27,-41.8123974093,-41.078261671,-78.0141775251,-21.2070356129
2017-05-28,-42.430646561,-40.109770168,-76.6660860723,-21.9622930176
2017-05-29,-40.5619465723,-38.1595552112,-77.4965126993,-22.2807416424
2017-05-30,-40.6246118274,-37.7845651851,-78.8312677559,-22.5658013584
2017-05-31,-40.861033773,-37.2078284676,-78.3771117041,-23.1330788325
2017-06-01,-41.7759541739,-37.3597886369,-77.4294102628,-22.2309405155
2017-06-02,-40.9886431114,-36.6883716734,-79.4612886996,-21.4287450963
2017-06-03,-40.1529005452,-35.8590215238,-79.7329762085,-24.7512820177
2017-06-04,-40.1416979944,-35.4077166938,-79.9219611967,-24.6584642448
2017-06-05,-40.0629368076,-34.4423373935,-80.3928968043,-26.274997772
2017-06-06,-41.8103564152,-35.4269865207,-80.7129959647,-27.0526366634
2017-06-07,-41.7684916335,-36.7206519972,-79.3628145879,-28.406285195
2017-06-08,-41.3378961447,-37.1234905697,-78.8560334678,-27.8928842796
2017-06-09,-42.0731055166,-35.1502334572,-80.1246640229,-28.9213350822
2017-06-10,-40.5613883144,-36.1479321579,-80.8046041385,-27.1679396701
2017-06-11,-40.103231832,-35.0557252753,-80.310321101,-27.2820553914
2017-06-12,-39.3417730239,-34.2803846528,-80.6159693654,-25.4945671296
2017-06-13,-39.4682964484,-35.1357502785,-80.4179231101,-28.069532443
2017-06-14,-39.7367130364,-36.4046811922,-80.0032385509,-27.0506202227
2017-06-15,-38.1522202165,-35.9043516859,-79.3750834324,-26.5668562548
2017-06-16,-37.9466478904,-35.1163323436,-78.2430748681,-26.9068318238
2017-06-17,-38.0464442743,-34.8500763569,-79.4805797795,-27.019403681
2017-06-18,-37.1806750203,-34.3273111894,-78.6731033008,-28.107375692
2017-06-19,-36.476485357,-36.4455433675,-78.7640038867,-28.3320686365
2017-06-20,-37.6560322279,-37.9599330084,-79.1818385878,-28.0260881787
2017-06-21,-36.6888837461,-38.3806019026,-80.0069388888,-28.886376143
2017-06-22,-34.1455923051,-39.1632772,-78.8267198986,-27.4301510077
2017-06-23,-32.8666282392,-39.7090869107,-78.4081762534,-29.4543818622
2017-06-24,-33.7979720807,-39.9484381055,-78.9121180984,-31.3065596349
2017-06-25,-33.628542038,-40.9328677097,-78.2109552265,-29.6959832762
2017-06-26,-33.0608994391,-39.0217785735,-78.980704493,-30.7079148491
2017-06-27,-32.7289336285,-38.1672348358,-78.7867273916,-31.4349541736
2017-06-28,-31.2474730881,-36.9511560778,-77.9382334256,-30.3090003981
2017-06-29,-31.6624834882,-37.0405166289,-78.2942766304,-29.4609643157
2017-06-30,-31.2913117241,-39.0879527038,-79.0209337907,-30.4053759429
2017-07-01,-30.3747390742,-38.344263747,-79.8727120483,-30.9005137786
2017-07-02,-31.6255883263,-39.0801399205,-79.9515688061,-29.3474936651
2017-07-03,-29.7975977492,-39.7128686852,-78.8795458474,-29.1280872173
2017-07-04,-29.2802077715,-37.594841629,-77.7365214076,-29.5634421149
2017-07-05,-27.900372959,-37.0955790748,-77.6450120394,-30.6401267406
2017-07-06,-28.1871121606,-37.826482377,-78.1892018201,-30.0241838907
2017-07-07,-29.083883953,-37.4860593243,-78.3644082489,-29.3412391786
2017-07-08,-30.2740320976,-37.6212604922,-77.1491478343,-28.5432654882
2017-07-09,-30.9089736519,-37.1352561889,-75.874106416,-30.0356793855
2017-07-10,-29.0193438302,-35.9441707586,-76.1147257401,-29.8054327083
2017-07-11,-28.8482874441,-37.0708532351,-76.9930248007,-27.9710456943
2017-07-12,-27.9005916862,-37.2476310428,-77.9830389004,-29.0302244528
2017-07-13,-25.8668054325,-38.1972233323,-78.8620299834,-27.8230911736
2017-07-14,-25.5467466307,-38.5788554359,-76.9040681101,-27.4261431328
2017-07-15,-26.1665851048,-38.0097696537,-76.0373091346,-27.9630043552
2017-07-16,-26.8640278418,-37.4135637221,-76.4621837842,-27.4293877781
2017-07-17,-26.6728651701,-37.7864700458,-75.8837579193,-28.165670411
2017-07-18,-25.3283050716,-37.9430518716,-75.6960004114,-27.3505114192
2017-07-19,-25.4739883831,-38.4524188228,-76.5794292364,-27.7949131001
2017-07-20,-24.4882619421,-36.1242063615,-75.8720271695,-28.3559075952
2017-07-21,-24.8502254744,-34.805037599,-75.4018479227,-27.3933292457
2017-07-22,-24.3141577838,-34.0576723309,-75.0281649321,-28.0250155466
2017-07-23,-25.9996807197,-34.740867372,-74.9439099117,-28.0972012453
2017-07-24,-25.8400918277,-34.4264672003,-75.2110869487,-28.6585803505
2017-07-25,-25.7529867391,-34.1784746812,-75.747014774,-28.7151768217
2017-07-26,-24.9088639946,-33.225583348,-75.8396934082,-28.1095573424
2017-07-27,-23.6026632954,-30.8233488933,-76.2218447951,-28.9511242143
2017-07-28,-22.6134374037,-29.7705981473,-76.9551640855,-26.6200642209
2017-07-29,-22.2821559503,-30.4052094272,-77.5972299624,-26.1669581836
2017-07-30,-21.1278535636,-29.4909836493,-77.1067510021,-25.0293777659
2017-07-31,-20.1909627039,-27.2431882985,-77.458323333,-22.2300746196
2017-08-01,-21.3505549488,-27.4666931373,-76.8193867821,-21.016389299
2017-08-02,-21.555782374,-27.7303016397,-75.3327820032,-20.4395385215
2017-08-03,-21.3697303086,-26.5876675759,-75.4200994266,-20.380314144
2017-08-04,-21.4660578221,-27.8232172837,-76.7700252603,-20.8426111261
2017-08-05,-21.4826427128,-29.5070453347,-76.2523654273,-20.7591683647
2017-08-06,-22.0423459748,-31.2294079545,-74.9717822417,-21.901301823
2017-08-07,-21.9325557636,-31.3808828575,-73.1655922737,-21.785599195
2017-08-08,-21.7359654187,-31.1015322689,-74.4935633095,-23.1648644791
2017-08-09,-22.5174429625,-31.2156986842,-75.0286089591,-22.6973343981
2017-08-10,-22.0894643649,-31.3925842509,-76.1521895163,-22.5585047345
2017-08-11,-19.7003275522,-31.2444672738,-76.0502393818,-23.0500358488
2017-08-12,-19.0076958901,-32.9864091908,-76.664860278,-21.776663343
2017-08-13,-18.3451113026,-34.7979847652,-77.7965682083,-19.9313672382
2017-08-14,-20.6037461942,-33.8200716997,-76.5594158232,-19.2066749683
2017-08-15,-19.9763789393,-34.1073850424,-77.4279054889,-19.313102129
2017-08-16,-20.486191621,-33.2104427802,-78.3319455135,-18.7993730938
2017-08-17,-21.1054925741,-35.0301430459,-80.2674414056,-17.9642637048
2017-08-18,-22.376151733,-37.203997135,-78.4214615522,-17.8618399685
2017-08-19,-22.4374700979,-38.5025817975,-79.6983093197,-16.9428961307
2017-08-20,-22.5500622304,-38.9516504754,-79.533161481,-17.2810457363
2017-08-21,-21.9986022704,-37.9122346093,-80.2657454479,-17.3477310225
2017-08-22,-20.8466658227,-36.9189560059,-80.0070459929,-18.210110032
2017-08-23,-20.4742214699,-36.6323946033,-78.2369503347,-18.012139208
2017-08-24,-20.3737912031,-36.162990608,-78.9892379993,-19.3340892976
2017-08-25,-19.8813941194,-35.431257138,-80.3751271571,-19.1520655172
2017-08-26,-19.0624535875,-36.0335867234,-79.8573943328,-17.2770132011
2017-08-27,-18.8276076847,-37.131292759,-81.0949136181,-17.2184076337
2017-08-28,-19.0130435305,-36.2323459728,-82.7063229156,-17.0009190729
2017-08-29,-19.0994642818,-36.9289564894,-82.3316297655,-16.5540070395
2017-08-30,-18.599689251,-37.4161197168,-81.8937940087,-17.383420183
2017-08-31,-17.9341712401,-36.0618309272,-82.1717436349,-16.8774493858
2017-09-01,-16.2428916093,-36.3860517549,-82.6435247935,-17.0125325367
2017-09-02,-17.3225170624,-35.8400934755,-82.9937015321,-17.0066803991
2017-09-03,-15.674294512,-35.7882992231,-81.5603295889,-18.0678517704
2017-09-04,-15.1975644684,-33.4643760345,-80.1976266644,-18.4296438179
2017-09-05,-17.8162741207,-32.2498437678,-81.2338217656,-16.9385807651
2017-09-06,-18.7431033464,-32.43083899,-79.9852581317,-17.0979386316
2017-09-07,-19.0517529699,-32.6509138836,-79.9875338868,-16.9051040771
2017-09-08,-20.9142908354,-30.7028256975,-80.2376012055,-15.6213931485
2017-09-09,-19.4640185119,-29.5960236591,-79.477132806,-16.2268461925
2017-09-10,-19.2452748803,-29.3976278531,-81.9405505125,-16.1049536532
2017-09-11,-18.809279473,-30.3684368994,-82.7178123146,-17.5811486073
2017-09-12,-16.632782186,-32.2723588384,-82.7442452906,-16.9524161667
2017-09-13,-17.0042908813,-31.3973852108,-82.6062335892,-17.1991967757
2017-09-14,-16.6893282329,-32.1908128755,-81.3378178136,-15.8100805709
2017-09-15,-15.7103819951,-31.5083648644,-79.770785603,-17.6310934195
2017-09-16,-16.0025940662,-33.1682068608,-79.1089825773,-16.8792295701
2017-09-17,-16.6860985296,-33.4565608075,-77.5819988289,-16.990846386
2017-09-18,-17.2779374341,-34.9132572117,-77.4588127543,-18.0735189123
2017-09-19,-16.6721240348,-34.4400506426,-76.711493475,-17.6775893534
2017-09-20,-16.7101084436,-34.4840907396,-76.755655387,-17.105512297
2017-09-21,-15.15612344,-36.8536436075,-76.7094677767,-17.8895431252
2017-09-22,-14.858775671,-36.8166955231,-78.0438521571,-17.9565990878
2017-09-23,-14.7679989369,-36.6855529148,-76.9532524338,-18.7234654105
2017-09-24,-12.9023128369,-36.9295599901,-75.3657419919,-18.2104157382
2017-09-25,-11.7301393689,-36.8793693533,-76.0588031257,-16.7744961909
2017-09-26,-11.0963385337,-37.0983014777,-75.6761882276,-17.1848612782
